#Release 14.4 - par P.49d (nt64)
#Copyright (c) 1995-2012 Xilinx, Inc.  All rights reserved.

#Mon Mar 12 10:35:25 2018

#
## NOTE: This file is designed to be imported into a spreadsheet program
# such as Microsoft Excel for viewing, printing and sorting. The |
# character is used as the data field separator. This file is also designed
# to support parsing.
#
#INPUT FILE:       rightleft_barrel_shifter_map.ncd
#OUTPUT FILE:      rightleft_barrel_shifter_pad.csv
#PART TYPE:        xc3s400
#SPEED GRADE:      -5
#PACKAGE:          pq208
#
# Pinout by Pin Number:
# 
# -----,-----,-----,-----,-----,-----,-----,-----,-----,-----,-----,-----,-----,-----,-----,
Pin Number,Signal Name,Pin Usage,Pin Name,Direction,IO Standard,IO Bank Number,Drive (mA),Slew Rate,Termination,IOB Delay,Voltage,Constraint,IO Register,Signal Integrity,
P1,,,GND,,,,,,,,,,,,
P2,,DIFFM,IO_L01P_7/VRN_7,UNUSED,,7,,,,,,,,,
P3,,DIFFS,IO_L01N_7/VRP_7,UNUSED,,7,,,,,,,,,
P4,,DIFFM,IO_L16P_7/VREF_7,UNUSED,,7,,,,,,,,,
P5,,DIFFS,IO_L16N_7,UNUSED,,7,,,,,,,,,
P6,,,VCCO_7,,,7,,,,,any******,,,,
P7,,DIFFM,IO_L19P_7,UNUSED,,7,,,,,,,,,
P8,,,GND,,,,,,,,,,,,
P9,,DIFFS,IO_L19N_7/VREF_7,UNUSED,,7,,,,,,,,,
P10,,DIFFM,IO_L20P_7,UNUSED,,7,,,,,,,,,
P11,,DIFFS,IO_L20N_7,UNUSED,,7,,,,,,,,,
P12,,DIFFM,IO_L21P_7,UNUSED,,7,,,,,,,,,
P13,,DIFFS,IO_L21N_7,UNUSED,,7,,,,,,,,,
P14,,,GND,,,,,,,,,,,,
P15,,DIFFM,IO_L22P_7,UNUSED,,7,,,,,,,,,
P16,,DIFFS,IO_L22N_7,UNUSED,,7,,,,,,,,,
P17,,,VCCAUX,,,,,,,,2.5,,,,
P18,,DIFFM,IO_L23P_7,UNUSED,,7,,,,,,,,,
P19,,DIFFS,IO_L23N_7,UNUSED,,7,,,,,,,,,
P20,,DIFFM,IO_L24P_7,UNUSED,,7,,,,,,,,,
P21,,DIFFS,IO_L24N_7,UNUSED,,7,,,,,,,,,
P22,,DIFFM,IO_L39P_7,UNUSED,,7,,,,,,,,,
P23,,,VCCO_7,,,7,,,,,any******,,,,
P24,,DIFFS,IO_L39N_7,UNUSED,,7,,,,,,,,,
P25,,,GND,,,,,,,,,,,,
P26,,DIFFM,IO_L40P_7,UNUSED,,7,,,,,,,,,
P27,,DIFFS,IO_L40N_7/VREF_7,UNUSED,,7,,,,,,,,,
P28,sft_out<0>,IOB,IO_L40P_6/VREF_6,OUTPUT,LVCMOS25*,6,12,SLOW,NONE**,,,UNLOCATED,NO,NONE,
P29,sft_amt<0>,IOB,IO_L40N_6,INPUT,LVCMOS25*,6,,,,NONE,,UNLOCATED,NO,NONE,
P30,,,GND,,,,,,,,,,,,
P31,sft_out<1>,IOB,IO_L39P_6,OUTPUT,LVCMOS25*,6,12,SLOW,NONE**,,,UNLOCATED,NO,NONE,
P32,,,VCCO_6,,,6,,,,,2.50,,,,
P33,sft_amt<4>,IOB,IO_L39N_6,INPUT,LVCMOS25*,6,,,,NONE,,UNLOCATED,NO,NONE,
P34,sft_out<2>,IOB,IO_L24P_6,OUTPUT,LVCMOS25*,6,12,SLOW,NONE**,,,UNLOCATED,NO,NONE,
P35,sft_out<5>,IOB,IO_L24N_6/VREF_6,OUTPUT,LVCMOS25*,6,12,SLOW,NONE**,,,UNLOCATED,NO,NONE,
P36,sft_out<3>,IOB,IO_L23P_6,OUTPUT,LVCMOS25*,6,12,SLOW,NONE**,,,UNLOCATED,NO,NONE,
P37,sft_out<4>,IOB,IO_L23N_6,OUTPUT,LVCMOS25*,6,12,SLOW,NONE**,,,UNLOCATED,NO,NONE,
P38,,,VCCAUX,,,,,,,,2.5,,,,
P39,sft_out<14>,IOB,IO_L22P_6,OUTPUT,LVCMOS25*,6,12,SLOW,NONE**,,,UNLOCATED,NO,NONE,
P40,sft_out<6>,IOB,IO_L22N_6,OUTPUT,LVCMOS25*,6,12,SLOW,NONE**,,,UNLOCATED,NO,NONE,
P41,,,GND,,,,,,,,,,,,
P42,sft_out<8>,IOB,IO_L21P_6,OUTPUT,LVCMOS25*,6,12,SLOW,NONE**,,,UNLOCATED,NO,NONE,
P43,sft_out<15>,IOB,IO_L21N_6,OUTPUT,LVCMOS25*,6,12,SLOW,NONE**,,,UNLOCATED,NO,NONE,
P44,sft_out<11>,IOB,IO_L20P_6,OUTPUT,LVCMOS25*,6,12,SLOW,NONE**,,,UNLOCATED,NO,NONE,
P45,sft_out<10>,IOB,IO_L20N_6,OUTPUT,LVCMOS25*,6,12,SLOW,NONE**,,,UNLOCATED,NO,NONE,
P46,sft_out<7>,IOB,IO_L19P_6,OUTPUT,LVCMOS25*,6,12,SLOW,NONE**,,,UNLOCATED,NO,NONE,
P47,,,GND,,,,,,,,,,,,
P48,sft_out<9>,IOB,IO_L19N_6,OUTPUT,LVCMOS25*,6,12,SLOW,NONE**,,,UNLOCATED,NO,NONE,
P49,,,VCCO_6,,,6,,,,,2.50,,,,
P50,sft_out<16>,IOB,IO/VREF_6,OUTPUT,LVCMOS25*,6,12,SLOW,NONE**,,,UNLOCATED,NO,NONE,
P51,sft_out<27>,IOB,IO_L01P_6/VRN_6,OUTPUT,LVCMOS25*,6,12,SLOW,NONE**,,,UNLOCATED,NO,NONE,
P52,sft_out<18>,IOB,IO_L01N_6/VRP_6,OUTPUT,LVCMOS25*,6,12,SLOW,NONE**,,,UNLOCATED,NO,NONE,
P53,,,GND,,,,,,,,,,,,
P54,,,M1,,,,,,,,,,,,
P55,,,M0,,,,,,,,,,,,
P56,,,M2,,,,,,,,,,,,
P57,sft_amt<2>,IOB,IO_L01P_5/CS_B,INPUT,LVCMOS25*,5,,,,NONE,,UNLOCATED,NO,NONE,
P58,sft_out<20>,IOB,IO_L01N_5/RDWR_B,OUTPUT,LVCMOS25*,5,12,SLOW,NONE**,,,UNLOCATED,NO,NONE,
P59,,,GND,,,,,,,,,,,,
P60,,,VCCO_5,,,5,,,,,2.50,,,,
P61,sft_out<21>,IOB,IO_L10P_5/VRN_5,OUTPUT,LVCMOS25*,5,12,SLOW,NONE**,,,UNLOCATED,NO,NONE,
P62,sft_out<23>,IOB,IO_L10N_5/VRP_5,OUTPUT,LVCMOS25*,5,12,SLOW,NONE**,,,UNLOCATED,NO,NONE,
P63,sft_out<19>,IOB,IO,OUTPUT,LVCMOS25*,5,12,SLOW,NONE**,,,UNLOCATED,NO,NONE,
P64,sft_out<17>,IOB,IO_L27P_5,OUTPUT,LVCMOS25*,5,12,SLOW,NONE**,,,UNLOCATED,NO,NONE,
P65,sft_out<31>,IOB,IO_L27N_5/VREF_5,OUTPUT,LVCMOS25*,5,12,SLOW,NONE**,,,UNLOCATED,NO,NONE,
P66,,,GND,,,,,,,,,,,,
P67,sft_out<13>,IOB,IO_L28P_5/D7,OUTPUT,LVCMOS25*,5,12,SLOW,NONE**,,,UNLOCATED,NO,NONE,
P68,sft_out<24>,IOB,IO_L28N_5/D6,OUTPUT,LVCMOS25*,5,12,SLOW,NONE**,,,UNLOCATED,NO,NONE,
P69,,,VCCAUX,,,,,,,,2.5,,,,
P70,,,VCCINT,,,,,,,,1.2,,,,
P71,sft_out<25>,IOB,IO,OUTPUT,LVCMOS25*,5,12,SLOW,NONE**,,,UNLOCATED,NO,NONE,
P72,sft_out<29>,IOB,IO_L31P_5/D5,OUTPUT,LVCMOS25*,5,12,SLOW,NONE**,,,UNLOCATED,NO,NONE,
P73,,,VCCO_5,,,5,,,,,2.50,,,,
P74,sft_out<30>,IOB,IO_L31N_5/D4,OUTPUT,LVCMOS25*,5,12,SLOW,NONE**,,,UNLOCATED,NO,NONE,
P75,,,GND,,,,,,,,,,,,
P76,sft_out<22>,IOB,IO_L32P_5/GCLK2,OUTPUT,LVCMOS25*,5,12,SLOW,NONE**,,,UNLOCATED,NO,NONE,
P77,sft_out<26>,IOB,IO_L32N_5/GCLK3,OUTPUT,LVCMOS25*,5,12,SLOW,NONE**,,,UNLOCATED,NO,NONE,
P78,in0<3>,IOB,IO/VREF_5,INPUT,LVCMOS25*,5,,,,NONE,,UNLOCATED,NO,NONE,
P79,in0<0>,IOB,IO_L32P_4/GCLK0,INPUT,LVCMOS25*,4,,,,NONE,,UNLOCATED,NO,NONE,
P80,sft_out<12>,IOB,IO_L32N_4/GCLK1,OUTPUT,LVCMOS25*,4,12,SLOW,NONE**,,,UNLOCATED,NO,NONE,
P81,in0<31>,IOB,IO_L31P_4/DOUT/BUSY,INPUT,LVCMOS25*,4,,,,NONE,,UNLOCATED,NO,NONE,
P82,,,GND,,,,,,,,,,,,
P83,sft_out<28>,IOB,IO_L31N_4/INIT_B,OUTPUT,LVCMOS25*,4,12,SLOW,NONE**,,,UNLOCATED,NO,NONE,
P84,,,VCCO_4,,,4,,,,,2.50,,,,
P85,in0<8>,IOB,IO/VREF_4,INPUT,LVCMOS25*,4,,,,NONE,,UNLOCATED,NO,NONE,
P86,in0<4>,IOB,IO_L30P_4/D3,INPUT,LVCMOS25*,4,,,,NONE,,UNLOCATED,NO,NONE,
P87,in0<23>,IOB,IO_L30N_4/D2,INPUT,LVCMOS25*,4,,,,NONE,,UNLOCATED,NO,NONE,
P88,,,VCCINT,,,,,,,,1.2,,,,
P89,,,VCCAUX,,,,,,,,2.5,,,,
P90,in0<1>,IOB,IO_L27P_4/D1,INPUT,LVCMOS25*,4,,,,NONE,,UNLOCATED,NO,NONE,
P91,,,GND,,,,,,,,,,,,
P92,R,IOB,IO_L27N_4/DIN/D0,INPUT,LVCMOS25*,4,,,,NONE,,UNLOCATED,NO,NONE,
P93,in0<9>,IOB,IO,INPUT,LVCMOS25*,4,,,,NONE,,UNLOCATED,NO,NONE,
P94,in0<6>,IOB,IO_L25P_4,INPUT,LVCMOS25*,4,,,,NONE,,UNLOCATED,NO,NONE,
P95,in0<25>,IOB,IO_L25N_4,INPUT,LVCMOS25*,4,,,,NONE,,UNLOCATED,NO,NONE,
P96,in0<12>,IOB,IO/VREF_4,INPUT,LVCMOS25*,4,,,,NONE,,UNLOCATED,NO,NONE,
P97,in0<19>,IOB,IO,INPUT,LVCMOS25*,4,,,,NONE,,UNLOCATED,NO,NONE,
P98,,,VCCO_4,,,4,,,,,2.50,,,,
P99,,,GND,,,,,,,,,,,,
P100,in0<10>,IOB,IO_L01P_4/VRN_4,INPUT,LVCMOS25*,4,,,,NONE,,UNLOCATED,NO,NONE,
P101,in0<11>,IOB,IO_L01N_4/VRP_4,INPUT,LVCMOS25*,4,,,,NONE,,UNLOCATED,NO,NONE,
P102,in0<24>,IOB,IO/VREF_4,INPUT,LVCMOS25*,4,,,,NONE,,UNLOCATED,NO,NONE,
P103,,,DONE,,,,,,,,,,,,
P104,,,CCLK,,,,,,,,,,,,
P105,,,GND,,,,,,,,,,,,
P106,in0<13>,IOB,IO_L01P_3/VRN_3,INPUT,LVCMOS25*,3,,,,NONE,,UNLOCATED,NO,NONE,
P107,in0<14>,IOB,IO_L01N_3/VRP_3,INPUT,LVCMOS25*,3,,,,NONE,,UNLOCATED,NO,NONE,
P108,in0<15>,IOB,IO_L17P_3/VREF_3,INPUT,LVCMOS25*,3,,,,NONE,,UNLOCATED,NO,NONE,
P109,in0<16>,IOB,IO_L17N_3,INPUT,LVCMOS25*,3,,,,NONE,,UNLOCATED,NO,NONE,
P110,,,VCCO_3,,,3,,,,,2.50,,,,
P111,in0<17>,IOB,IO_L19P_3,INPUT,LVCMOS25*,3,,,,NONE,,UNLOCATED,NO,NONE,
P112,,,GND,,,,,,,,,,,,
P113,in0<18>,IOB,IO_L19N_3,INPUT,LVCMOS25*,3,,,,NONE,,UNLOCATED,NO,NONE,
P114,in0<27>,IOB,IO_L20P_3,INPUT,LVCMOS25*,3,,,,NONE,,UNLOCATED,NO,NONE,
P115,in0<20>,IOB,IO_L20N_3,INPUT,LVCMOS25*,3,,,,NONE,,UNLOCATED,NO,NONE,
P116,in0<21>,IOB,IO_L21P_3,INPUT,LVCMOS25*,3,,,,NONE,,UNLOCATED,NO,NONE,
P117,in0<22>,IOB,IO_L21N_3,INPUT,LVCMOS25*,3,,,,NONE,,UNLOCATED,NO,NONE,
P118,,,GND,,,,,,,,,,,,
P119,in0<26>,IOB,IO_L22P_3,INPUT,LVCMOS25*,3,,,,NONE,,UNLOCATED,NO,NONE,
P120,in0<2>,IOB,IO_L22N_3,INPUT,LVCMOS25*,3,,,,NONE,,UNLOCATED,NO,NONE,
P121,,,VCCAUX,,,,,,,,2.5,,,,
P122,in0<5>,IOB,IO_L23P_3/VREF_3,INPUT,LVCMOS25*,3,,,,NONE,,UNLOCATED,NO,NONE,
P123,in0<28>,IOB,IO_L23N_3,INPUT,LVCMOS25*,3,,,,NONE,,UNLOCATED,NO,NONE,
P124,in0<7>,IOB,IO_L24P_3,INPUT,LVCMOS25*,3,,,,NONE,,UNLOCATED,NO,NONE,
P125,in0<29>,IOB,IO_L24N_3,INPUT,LVCMOS25*,3,,,,NONE,,UNLOCATED,NO,NONE,
P126,sft_amt<1>,IOB,IO_L39P_3,INPUT,LVCMOS25*,3,,,,NONE,,UNLOCATED,NO,NONE,
P127,,,VCCO_3,,,3,,,,,2.50,,,,
P128,in0<30>,IOB,IO_L39N_3,INPUT,LVCMOS25*,3,,,,NONE,,UNLOCATED,NO,NONE,
P129,,,GND,,,,,,,,,,,,
P130,sft_amt<3>,IOB,IO_L40P_3,INPUT,LVCMOS25*,3,,,,NONE,,UNLOCATED,NO,NONE,
P131,,DIFFS,IO_L40N_3/VREF_3,UNUSED,,3,,,,,,,,,
P132,,DIFFM,IO_L40P_2/VREF_2,UNUSED,,2,,,,,,,,,
P133,,DIFFS,IO_L40N_2,UNUSED,,2,,,,,,,,,
P134,,,GND,,,,,,,,,,,,
P135,,DIFFM,IO_L39P_2,UNUSED,,2,,,,,,,,,
P136,,,VCCO_2,,,2,,,,,any******,,,,
P137,,DIFFS,IO_L39N_2,UNUSED,,2,,,,,,,,,
P138,,DIFFM,IO_L24P_2,UNUSED,,2,,,,,,,,,
P139,,DIFFS,IO_L24N_2,UNUSED,,2,,,,,,,,,
P140,,DIFFM,IO_L23P_2,UNUSED,,2,,,,,,,,,
P141,,DIFFS,IO_L23N_2/VREF_2,UNUSED,,2,,,,,,,,,
P142,,,VCCAUX,,,,,,,,2.5,,,,
P143,,DIFFM,IO_L22P_2,UNUSED,,2,,,,,,,,,
P144,,DIFFS,IO_L22N_2,UNUSED,,2,,,,,,,,,
P145,,,GND,,,,,,,,,,,,
P146,,DIFFM,IO_L21P_2,UNUSED,,2,,,,,,,,,
P147,,DIFFS,IO_L21N_2,UNUSED,,2,,,,,,,,,
P148,,DIFFM,IO_L20P_2,UNUSED,,2,,,,,,,,,
P149,,DIFFS,IO_L20N_2,UNUSED,,2,,,,,,,,,
P150,,DIFFM,IO_L19P_2,UNUSED,,2,,,,,,,,,
P151,,,GND,,,,,,,,,,,,
P152,,DIFFS,IO_L19N_2,UNUSED,,2,,,,,,,,,
P153,,,VCCO_2,,,2,,,,,any******,,,,
P154,,DIFFM,IO/VREF_2,UNUSED,,2,,,,,,,,,
P155,,DIFFM,IO_L01P_2/VRN_2,UNUSED,,2,,,,,,,,,
P156,,DIFFS,IO_L01N_2/VRP_2,UNUSED,,2,,,,,,,,,
P157,,,GND,,,,,,,,,,,,
P158,,,TDO,,,,,,,,,,,,
P159,,,TCK,,,,,,,,,,,,
P160,,,TMS,,,,,,,,,,,,
P161,,DIFFM,IO_L01P_1/VRN_1,UNUSED,,1,,,,,,,,,
P162,,DIFFS,IO_L01N_1/VRP_1,UNUSED,,1,,,,,,,,,
P163,,,GND,,,,,,,,,,,,
P164,,,VCCO_1,,,1,,,,,any******,,,,
P165,,DIFFM,IO_L10P_1,UNUSED,,1,,,,,,,,,
P166,,DIFFS,IO_L10N_1/VREF_1,UNUSED,,1,,,,,,,,,
P167,,IOB,IO,UNUSED,,1,,,,,,,,,
P168,,DIFFM,IO_L27P_1,UNUSED,,1,,,,,,,,,
P169,,DIFFS,IO_L27N_1,UNUSED,,1,,,,,,,,,
P170,,,GND,,,,,,,,,,,,
P171,,DIFFM,IO_L28P_1,UNUSED,,1,,,,,,,,,
P172,,DIFFS,IO_L28N_1,UNUSED,,1,,,,,,,,,
P173,,,VCCAUX,,,,,,,,2.5,,,,
P174,,,VCCINT,,,,,,,,1.2,,,,
P175,,IOB,IO,UNUSED,,1,,,,,,,,,
P176,,DIFFM,IO_L31P_1,UNUSED,,1,,,,,,,,,
P177,,,VCCO_1,,,1,,,,,any******,,,,
P178,,DIFFS,IO_L31N_1/VREF_1,UNUSED,,1,,,,,,,,,
P179,,,GND,,,,,,,,,,,,
P180,,DIFFM,IO_L32P_1/GCLK4,UNUSED,,1,,,,,,,,,
P181,,DIFFS,IO_L32N_1/GCLK5,UNUSED,,1,,,,,,,,,
P182,,IOB,IO,UNUSED,,1,,,,,,,,,
P183,,DIFFM,IO_L32P_0/GCLK6,UNUSED,,0,,,,,,,,,
P184,,DIFFS,IO_L32N_0/GCLK7,UNUSED,,0,,,,,,,,,
P185,,DIFFM,IO_L31P_0/VREF_0,UNUSED,,0,,,,,,,,,
P186,,,GND,,,,,,,,,,,,
P187,,DIFFS,IO_L31N_0,UNUSED,,0,,,,,,,,,
P188,,,VCCO_0,,,0,,,,,any******,,,,
P189,,IOB,IO,UNUSED,,0,,,,,,,,,
P190,,DIFFM,IO_L30P_0,UNUSED,,0,,,,,,,,,
P191,,DIFFS,IO_L30N_0,UNUSED,,0,,,,,,,,,
P192,,,VCCINT,,,,,,,,1.2,,,,
P193,,,VCCAUX,,,,,,,,2.5,,,,
P194,,DIFFM,IO_L27P_0,UNUSED,,0,,,,,,,,,
P195,,,GND,,,,,,,,,,,,
P196,,DIFFS,IO_L27N_0,UNUSED,,0,,,,,,,,,
P197,,IOB,IO,UNUSED,,0,,,,,,,,,
P198,,DIFFM,IO_L25P_0,UNUSED,,0,,,,,,,,,
P199,,DIFFS,IO_L25N_0,UNUSED,,0,,,,,,,,,
P200,,IOB,IO/VREF_0,UNUSED,,0,,,,,,,,,
P201,,,VCCO_0,,,0,,,,,any******,,,,
P202,,,GND,,,,,,,,,,,,
P203,,DIFFM,IO_L01P_0/VRN_0,UNUSED,,0,,,,,,,,,
P204,,DIFFS,IO_L01N_0/VRP_0,UNUSED,,0,,,,,,,,,
P205,,IOB,IO/VREF_0,UNUSED,,0,,,,,,,,,
P206,,,HSWAP_EN,,,,,,,,,,,,
P207,,,PROG_B,,,,,,,,,,,,
P208,,,TDI,,,,,,,,,,,,

# -----,-----,-----,-----,-----,-----,-----,-----,-----,-----,-----,-----,-----,-----,-----,
# 
#* Default value.
#** This default Pullup/Pulldown value can be overridden in Bitgen. 
#****** Special VCCO requirements may apply. Please consult the device 
#       family datasheet for specific guideline on VCCO requirements. 
#
#
#