#Release 14.7 - par P.20131013 (lin64)
#Copyright (c) 1995-2013 Xilinx, Inc.  All rights reserved.

#Wed Apr 18 00:53:08 2018

#
## NOTE: This file is designed to be imported into a spreadsheet program
# such as Microsoft Excel for viewing, printing and sorting. The |
# character is used as the data field separator. This file is also designed
# to support parsing.
#
#INPUT FILE:       cordic_map.ncd
#OUTPUT FILE:      cordic_pad.csv
#PART TYPE:        xc3s1200e
#SPEED GRADE:      -5
#PACKAGE:          ft256
#
# Pinout by Pin Number:
# 
# -----,-----,-----,-----,-----,-----,-----,-----,-----,-----,-----,-----,-----,-----,-----,
Pin Number,Signal Name,Pin Usage,Pin Name,Direction,IO Standard,IO Bank Number,Drive (mA),Slew Rate,Termination,IOB Delay,Voltage,Constraint,IO Register,Signal Integrity,
A1,,,GND,,,,,,,,,,,,
A2,,,TDI,,,,,,,,,,,,
A3,,IBUF,IP,UNUSED,,0,,,,,,,,,
A4,,DIFFS,IO_L17N_0/VREF_0,UNUSED,,0,,,,,,,,,
A5,,DIFFM,IO_L17P_0,UNUSED,,0,,,,,,,,,
A6,,,VCCAUX,,,,,,,,2.5,,,,
A7,,IOB,IO,UNUSED,,0,,,,,,,,,
A8,,DIFFMI,IP_L10P_0/GCLK8,UNUSED,,0,,,,,,,,,
A9,,DIFFS,IO_L09N_0/GCLK7,UNUSED,,0,,,,,,,,,
A10,,DIFFM,IO_L09P_0/GCLK6,UNUSED,,0,,,,,,,,,
A11,,,VCCAUX,,,,,,,,2.5,,,,
A12,,IOB,IO,UNUSED,,0,,,,,,,,,
A13,,DIFFS,IO_L03N_0/VREF_0,UNUSED,,0,,,,,,,,,
A14,,DIFFS,IO_L01N_0,UNUSED,,0,,,,,,,,,
A15,,,TCK,,,,,,,,,,,,
A16,,,GND,,,,,,,,,,,,
B1,,DIFFM,IO_L01P_3,UNUSED,,3,,,,,,,,,
B2,Xf<1>,IOB,IO_L01N_3,OUTPUT,LVCMOS25*,3,12,SLOW,NONE**,,,UNLOCATED,NO,NONE,
B3,,DIFFS,IO_L19N_0/HSWAP,UNUSED,,0,,,,,,,,,
B4,,IOB,IO,UNUSED,,0,,,,,,,,,
B5,,,VCCO_0,,,0,,,,,2.50,,,,
B6,,IOB,IO,UNUSED,,0,,,,,,,,,
B7,,DIFFM,IO_L13P_0,UNUSED,,0,,,,,,,,,
B8,clk,IBUF,IP_L10N_0/GCLK9,INPUT,LVCMOS25*,0,,,,NONE,,UNLOCATED,NO,NONE,
B9,,,GND,,,,,,,,,,,,
B10,,IOB,IO,UNUSED,,0,,,,,,,,,
B11,,DIFFS,IO_L05N_0/VREF_0,UNUSED,,0,,,,,,,,,
B12,,,VCCO_0,,,0,,,,,2.50,,,,
B13,,DIFFM,IO_L03P_0,UNUSED,,0,,,,,,,,,
B14,,DIFFM,IO_L01P_0,UNUSED,,0,,,,,,,,,
B15,,,TMS,,,,,,,,,,,,
B16,,IBUF,IP,UNUSED,,1,,,,,,,,,
C1,Xf<0>,IOB,IO_L02P_3,OUTPUT,LVCMOS25*,3,12,SLOW,NONE**,,,UNLOCATED,NO,NONE,
C2,Xf<3>,IOB,IO_L02N_3/VREF_3,OUTPUT,LVCMOS25*,3,12,SLOW,NONE**,,,UNLOCATED,NO,NONE,
C3,,DIFFM,IO_L19P_0,UNUSED,,0,,,,,,,,,
C4,,DIFFS,IO_L18N_0,UNUSED,,0,,,,,,,,,
C5,,DIFFM,IO_L18P_0,UNUSED,,0,,,,,,,,,
C6,Xf<2>,IOB,IO_L15P_0,OUTPUT,LVCMOS25*,0,12,SLOW,NONE**,,,UNLOCATED,NO,NONE,
C7,,DIFFS,IO_L13N_0,UNUSED,,0,,,,,,,,,
C8,,DIFFM,IO_L11P_0/GCLK10,UNUSED,,0,,,,,,,,,
C9,,DIFFSI,IP_L07N_0,UNUSED,,0,,,,,,,,,
C10,,DIFFMI,IP_L07P_0,UNUSED,,0,,,,,,,,,
C11,,DIFFM,IO_L05P_0,UNUSED,,0,,,,,,,,,
C12,,DIFFSI,IP_L02N_0,UNUSED,,0,,,,,,,,,
C13,,IBUF,IP,UNUSED,,0,,,,,,,,,
C14,,,TDO,,,,,,,,,,,,
C15,,DIFFS,IO_L19N_1/LDC2,UNUSED,,1,,,,,,,,,
C16,,DIFFM,IO_L19P_1/LDC1,UNUSED,,1,,,,,,,,,
D1,Xf<8>,IOB,IO_L05P_3,OUTPUT,LVCMOS25*,3,12,SLOW,NONE**,,,UNLOCATED,NO,NONE,
D2,X0<0>,IBUF,IP,INPUT,LVCMOS25*,3,,,,NONE,,UNLOCATED,NO,NONE,
D3,,,PROG_B,,,,,,,,,,,,
D4,,,VCCINT,,,,,,,,1.2,,,,
D5,,DIFFMI,IP_L16P_0,UNUSED,,0,,,,,,,,,
D6,,DIFFS,IO_L15N_0,UNUSED,,0,,,,,,,,,
D7,,DIFFS,IO_L14N_0/VREF_0,UNUSED,,0,,,,,,,,,
D8,,DIFFS,IO_L11N_0/GCLK11,UNUSED,,0,,,,,,,,,
D9,,IOB,IO/VREF_0,UNUSED,,0,,,,,,,,,
D10,,DIFFM,IO_L06P_0,UNUSED,,0,,,,,,,,,
D11,,DIFFM,IO_L04P_0,UNUSED,,0,,,,,,,,,
D12,,DIFFMI,IP_L02P_0,UNUSED,,0,,,,,,,,,
D13,,,VCCINT,,,,,,,,1.2,,,,
D14,,DIFFS,IO_L18N_1/LDC0,UNUSED,,1,,,,,,,,,
D15,,DIFFM,IO_L18P_1/HDC,UNUSED,,1,,,,,,,,,
D16,,IBUF,IP/VREF_1,UNUSED,,1,,,,,,,,,
E1,Xf<9>,IOB,IO_L05N_3,OUTPUT,LVCMOS25*,3,12,SLOW,NONE**,,,UNLOCATED,NO,NONE,
E2,,,VCCO_3,,,3,,,,,2.50,,,,
E3,Xf<4>,IOB,IO_L03P_3,OUTPUT,LVCMOS25*,3,12,SLOW,NONE**,,,UNLOCATED,NO,NONE,
E4,Xf<5>,IOB,IO_L03N_3,OUTPUT,LVCMOS25*,3,12,SLOW,NONE**,,,UNLOCATED,NO,NONE,
E5,,,VCCINT,,,,,,,,1.2,,,,
E6,,DIFFSI,IP_L16N_0,UNUSED,,0,,,,,,,,,
E7,,DIFFM,IO_L14P_0,UNUSED,,0,,,,,,,,,
E8,,DIFFM,IO_L12P_0,UNUSED,,0,,,,,,,,,
E9,,DIFFM,IO_L08P_0/GCLK4,UNUSED,,0,,,,,,,,,
E10,,DIFFS,IO_L06N_0,UNUSED,,0,,,,,,,,,
E11,,DIFFS,IO_L04N_0,UNUSED,,0,,,,,,,,,
E12,,,VCCINT,,,,,,,,1.2,,,,
E13,,DIFFM,IO_L17P_1,UNUSED,,1,,,,,,,,,
E14,,IBUF,IP,UNUSED,,1,,,,,,,,,
E15,,,VCCO_1,,,1,,,,,any******,,,,
E16,,DIFFS,IO_L17N_1,UNUSED,,1,,,,,,,,,
F1,,,VCCAUX,,,,,,,,2.5,,,,
F2,X0<2>,IBUF,IP,INPUT,LVCMOS25*,3,,,,NONE,,UNLOCATED,NO,NONE,
F3,Xf<15>,IOB,IO_L04P_3,OUTPUT,LVCMOS25*,3,12,SLOW,NONE**,,,UNLOCATED,NO,NONE,
F4,Xf<14>,IOB,IO_L04N_3/VREF_3,OUTPUT,LVCMOS25*,3,12,SLOW,NONE**,,,UNLOCATED,NO,NONE,
F5,X0<1>,IBUF,IP,INPUT,LVCMOS25*,3,,,,NONE,,UNLOCATED,NO,NONE,
F6,,,GND,,,,,,,,,,,,
F7,,,VCCO_0,,,0,,,,,2.50,,,,
F8,,DIFFS,IO_L12N_0,UNUSED,,0,,,,,,,,,
F9,,DIFFS,IO_L08N_0/GCLK5,UNUSED,,0,,,,,,,,,
F10,,,VCCO_0,,,0,,,,,2.50,,,,
F11,,,GND,,,,,,,,,,,,
F12,,DIFFS,IO_L16N_1,UNUSED,,1,,,,,,,,,
F13,,DIFFM,IO_L16P_1,UNUSED,,1,,,,,,,,,
F14,,DIFFM,IO_L15P_1,UNUSED,,1,,,,,,,,,
F15,,DIFFS,IO_L15N_1,UNUSED,,1,,,,,,,,,
F16,,,VCCAUX,,,,,,,,2.5,,,,
G1,X0<3>,IBUF,IP/VREF_3,INPUT,LVCMOS25*,3,,,,NONE,,UNLOCATED,NO,NONE,
G2,Xf<13>,IOB,IO_L07N_3,OUTPUT,LVCMOS25*,3,12,SLOW,NONE**,,,UNLOCATED,NO,NONE,
G3,Xf<12>,IOB,IO_L07P_3,OUTPUT,LVCMOS25*,3,12,SLOW,NONE**,,,UNLOCATED,NO,NONE,
G4,Xf<11>,IOB,IO_L06N_3,OUTPUT,LVCMOS25*,3,12,SLOW,NONE**,,,UNLOCATED,NO,NONE,
G5,Xf<10>,IOB,IO_L06P_3,OUTPUT,LVCMOS25*,3,12,SLOW,NONE**,,,UNLOCATED,NO,NONE,
G6,,,VCCO_3,,,3,,,,,2.50,,,,
G7,,,GND,,,,,,,,,,,,
G8,,,GND,,,,,,,,,,,,
G9,,,GND,,,,,,,,,,,,
G10,,,GND,,,,,,,,,,,,
G11,,,VCCO_1,,,1,,,,,any******,,,,
G12,,IBUF,IP,UNUSED,,1,,,,,,,,,
G13,,DIFFM,IO_L14P_1,UNUSED,,1,,,,,,,,,
G14,,DIFFS,IO_L14N_1/A0,UNUSED,,1,,,,,,,,,
G15,,DIFFM,IO_L13P_1/A2,UNUSED,,1,,,,,,,,,
G16,,DIFFS,IO_L13N_1/A1,UNUSED,,1,,,,,,,,,
H1,X0<4>,IBUF,IP,INPUT,LVCMOS25*,3,,,,NONE,,UNLOCATED,NO,NONE,
H2,,,GND,,,,,,,,,,,,
H3,Yf<0>,IOB,IO_L09P_3/LHCLK2,OUTPUT,LVCMOS25*,3,12,SLOW,NONE**,,,UNLOCATED,NO,NONE,
H4,Yf<1>,IOB,IO_L09N_3/LHCLK3/IRDY2,OUTPUT,LVCMOS25*,3,12,SLOW,NONE**,,,UNLOCATED,NO,NONE,
H5,Xf<7>,IOB,IO_L08P_3/LHCLK0,OUTPUT,LVCMOS25*,3,12,SLOW,NONE**,,,UNLOCATED,NO,NONE,
H6,Xf<6>,IOB,IO_L08N_3/LHCLK1,OUTPUT,LVCMOS25*,3,12,SLOW,NONE**,,,UNLOCATED,NO,NONE,
H7,,,GND,,,,,,,,,,,,
H8,,,GND,,,,,,,,,,,,
H9,,,GND,,,,,,,,,,,,
H10,,,GND,,,,,,,,,,,,
H11,,DIFFS,IO_L12N_1/A3/RHCLK7,UNUSED,,1,,,,,,,,,
H12,,DIFFM,IO_L12P_1/A4/RHCLK6,UNUSED,,1,,,,,,,,,
H13,,IBUF,IP/VREF_1,UNUSED,,1,,,,,,,,,
H14,,DIFFS,IO_L11N_1/A5/RHCLK5,UNUSED,,1,,,,,,,,,
H15,,DIFFM,IO_L11P_1/A6/RHCLK4/IRDY1,UNUSED,,1,,,,,,,,,
H16,,IBUF,IP,UNUSED,,1,,,,,,,,,
J1,Yf<6>,IOB,IO_L12P_3,OUTPUT,LVCMOS25*,3,12,SLOW,NONE**,,,UNLOCATED,NO,NONE,
J2,Yf<2>,IOB,IO_L10P_3/LHCLK4/TRDY2,OUTPUT,LVCMOS25*,3,12,SLOW,NONE**,,,UNLOCATED,NO,NONE,
J3,Yf<3>,IOB,IO_L10N_3/LHCLK5,OUTPUT,LVCMOS25*,3,12,SLOW,NONE**,,,UNLOCATED,NO,NONE,
J4,Yf<5>,IOB,IO_L11N_3/LHCLK7,OUTPUT,LVCMOS25*,3,12,SLOW,NONE**,,,UNLOCATED,NO,NONE,
J5,Yf<4>,IOB,IO_L11P_3/LHCLK6,OUTPUT,LVCMOS25*,3,12,SLOW,NONE**,,,UNLOCATED,NO,NONE,
J6,X0<5>,IBUF,IP,INPUT,LVCMOS25*,3,,,,NONE,,UNLOCATED,NO,NONE,
J7,,,GND,,,,,,,,,,,,
J8,,,GND,,,,,,,,,,,,
J9,,,GND,,,,,,,,,,,,
J10,,,GND,,,,,,,,,,,,
J11,,IBUF,IP,UNUSED,,1,,,,,,,,,
J12,,IBUF,IP,UNUSED,,1,,,,,,,,,
J13,,DIFFS,IO_L10N_1/A7/RHCLK3/TRDY1,UNUSED,,1,,,,,,,,,
J14,,DIFFM,IO_L10P_1/A8/RHCLK2,UNUSED,,1,,,,,,,,,
J15,,,GND,,,,,,,,,,,,
J16,,DIFFS,IO_L09N_1/A9/RHCLK1,UNUSED,,1,,,,,,,,,
K1,Yf<7>,IOB,IO_L12N_3,OUTPUT,LVCMOS25*,3,12,SLOW,NONE**,,,UNLOCATED,NO,NONE,
K2,Yf<8>,IOB,IO_L13P_3,OUTPUT,LVCMOS25*,3,12,SLOW,NONE**,,,UNLOCATED,NO,NONE,
K3,Yf<9>,IOB,IO_L13N_3,OUTPUT,LVCMOS25*,3,12,SLOW,NONE**,,,UNLOCATED,NO,NONE,
K4,X0<6>,IBUF,IP,INPUT,LVCMOS25*,3,,,,NONE,,UNLOCATED,NO,NONE,
K5,Yf<12>,IOB,IO_L15P_3,OUTPUT,LVCMOS25*,3,12,SLOW,NONE**,,,UNLOCATED,NO,NONE,
K6,,,VCCO_3,,,3,,,,,2.50,,,,
K7,,,GND,,,,,,,,,,,,
K8,,,GND,,,,,,,,,,,,
K9,,,GND,,,,,,,,,,,,
K10,,,GND,,,,,,,,,,,,
K11,,,VCCO_1,,,1,,,,,any******,,,,
K12,,DIFFS,IO_L07N_1/A11,UNUSED,,1,,,,,,,,,
K13,,DIFFM,IO_L07P_1/A12,UNUSED,,1,,,,,,,,,
K14,,DIFFS,IO_L08N_1/VREF_1,UNUSED,,1,,,,,,,,,
K15,,DIFFM,IO_L08P_1,UNUSED,,1,,,,,,,,,
K16,,DIFFM,IO_L09P_1/A10/RHCLK0,UNUSED,,1,,,,,,,,,
L1,,,VCCAUX,,,,,,,,2.5,,,,
L2,Yf<11>,IOB,IO_L14N_3/VREF_3,OUTPUT,LVCMOS25*,3,12,SLOW,NONE**,,,UNLOCATED,NO,NONE,
L3,Yf<10>,IOB,IO_L14P_3,OUTPUT,LVCMOS25*,3,12,SLOW,NONE**,,,UNLOCATED,NO,NONE,
L4,X0<8>,IBUF,IO_L17N_3,INPUT,LVCMOS25*,3,,,,NONE,,UNLOCATED,NO,NONE,
L5,Yf<13>,IOB,IO_L15N_3,OUTPUT,LVCMOS25*,3,12,SLOW,NONE**,,,UNLOCATED,NO,NONE,
L6,,,GND,,,,,,,,,,,,
L7,,,VCCO_2,,,2,,,,,2.50,,,,
L8,Z0<3>,IBUF,IO_L09N_2/D6/GCLK13,INPUT,LVCMOS25*,2,,,,NONE,,UNLOCATED,NO,NONE,
L9,Z0<12>,IBUF,IO_L13P_2/M0,INPUT,LVCMOS25*,2,,,,NONE,,UNLOCATED,NO,NONE,
L10,,,VCCO_2,,,2,,,,,2.50,,,,
L11,,,GND,,,,,,,,,,,,
L12,,DIFFM,IO_L05P_1,UNUSED,,1,,,,,,,,,
L13,,DIFFS,IO_L05N_1,UNUSED,,1,,,,,,,,,
L14,,DIFFM,IO_L06P_1,UNUSED,,1,,,,,,,,,
L15,,DIFFS,IO_L06N_1,UNUSED,,1,,,,,,,,,
L16,,,VCCAUX,,,,,,,,2.5,,,,
M1,Yf<14>,IOB,IO_L16P_3,OUTPUT,LVCMOS25*,3,12,SLOW,NONE**,,,UNLOCATED,NO,NONE,
M2,,,VCCO_3,,,3,,,,,2.50,,,,
M3,X0<9>,IBUF,IP,INPUT,LVCMOS25*,3,,,,NONE,,UNLOCATED,NO,NONE,
M4,X0<7>,IBUF,IO_L17P_3,INPUT,LVCMOS25*,3,,,,NONE,,UNLOCATED,NO,NONE,
M5,,,VCCINT,,,,,,,,1.2,,,,
M6,Y0<10>,IBUF,IO_L05P_2,INPUT,LVCMOS25*,2,,,,NONE,,UNLOCATED,NO,NONE,
M7,Y0<13>,IBUF,IO,INPUT,LVCMOS25*,2,,,,NONE,,UNLOCATED,NO,NONE,
M8,Z0<4>,IBUF,IO_L09P_2/D7/GCLK12,INPUT,LVCMOS25*,2,,,,NONE,,UNLOCATED,NO,NONE,
M9,Z0<13>,IBUF,IO_L13N_2/DIN/D0,INPUT,LVCMOS25*,2,,,,NONE,,UNLOCATED,NO,NONE,
M10,,DIFFS,IO_L15N_2,UNUSED,,2,,,,,,,,,
M11,,DIFFSI,IP_L17N_2,UNUSED,,2,,,,,,,,,
M12,,,VCCINT,,,,,,,,1.2,,,,
M13,,IBUF,IP,UNUSED,,1,,,,,,,,,
M14,,IBUF,IP,UNUSED,,1,,,,,,,,,
M15,,,VCCO_1,,,1,,,,,any******,,,,
M16,,DIFFS,IO_L04N_1/VREF_1,UNUSED,,1,,,,,,,,,
N1,Yf<15>,IOB,IO_L16N_3,OUTPUT,LVCMOS25*,3,12,SLOW,NONE**,,,UNLOCATED,NO,NONE,
N2,X0<10>,IBUF,IP/VREF_3,INPUT,LVCMOS25*,3,,,,NONE,,UNLOCATED,NO,NONE,
N3,X0<11>,IBUF,IP,INPUT,LVCMOS25*,3,,,,NONE,,UNLOCATED,NO,NONE,
N4,,,VCCINT,,,,,,,,1.2,,,,
N5,Y0<6>,IBUF,IO_L03N_2/MOSI/CSI_B,INPUT,LVCMOS25*,2,,,,NONE,,UNLOCATED,NO,NONE,
N6,Y0<11>,IBUF,IO_L05N_2,INPUT,LVCMOS25*,2,,,,NONE,,UNLOCATED,NO,NONE,
N7,Y0<12>,IBUF,IO_L07P_2,INPUT,LVCMOS25*,2,,,,NONE,,UNLOCATED,NO,NONE,
N8,Z0<8>,IBUF,IO_L10P_2/D4/GCLK14,INPUT,LVCMOS25*,2,,,,NONE,,UNLOCATED,NO,NONE,
N9,Z0<10>,IBUF,IO_L12N_2/D1/GCLK3,INPUT,LVCMOS25*,2,,,,NONE,,UNLOCATED,NO,NONE,
N10,,DIFFM,IO_L15P_2,UNUSED,,2,,,,,,,,,
N11,,DIFFMI,IP_L17P_2,UNUSED,,2,,,,,,,,,
N12,,DIFFS,IO_L18N_2/A20,UNUSED,,2,,,,,,,,,
N13,,,VCCINT,,,,,,,,1.2,,,,
N14,,DIFFM,IO_L03P_1,UNUSED,,1,,,,,,,,,
N15,,DIFFS,IO_L03N_1/VREF_1,UNUSED,,1,,,,,,,,,
N16,,DIFFM,IO_L04P_1,UNUSED,,1,,,,,,,,,
P1,X0<14>,IBUF,IO_L18N_3,INPUT,LVCMOS25*,3,,,,NONE,,UNLOCATED,NO,NONE,
P2,X0<15>,IBUF,IO_L18P_3,INPUT,LVCMOS25*,3,,,,NONE,,UNLOCATED,NO,NONE,
P3,Y0<4>,IBUF,IO_L01P_2/CSO_B,INPUT,LVCMOS25*,2,,,,NONE,,UNLOCATED,NO,NONE,
P4,Y0<2>,IBUF,IO_L01N_2/INIT_B,INPUT,LVCMOS25*,2,,,,NONE,,UNLOCATED,NO,NONE,
P5,Y0<5>,IBUF,IO_L03P_2/DOUT/BUSY,INPUT,LVCMOS25*,2,,,,NONE,,UNLOCATED,NO,NONE,
P6,Y0<15>,IBUF,IO_L06N_2,INPUT,LVCMOS25*,2,,,,NONE,,UNLOCATED,NO,NONE,
P7,rst,IBUF,IO_L07N_2,INPUT,LVCMOS25*,2,,,,NONE,,UNLOCATED,NO,NONE,
P8,Z0<6>,IBUF,IO_L10N_2/D3/GCLK15,INPUT,LVCMOS25*,2,,,,NONE,,UNLOCATED,NO,NONE,
P9,Z0<0>,IBUF,IO_L12P_2/D2/GCLK2,INPUT,LVCMOS25*,2,,,,NONE,,UNLOCATED,NO,NONE,
P10,Z0<14>,IBUF,IO_L14P_2,INPUT,LVCMOS25*,2,,,,NONE,,UNLOCATED,NO,NONE,
P11,,DIFFS,IO_L16N_2/A22,UNUSED,,2,,,,,,,,,
P12,,DIFFM,IO_L18P_2/A21,UNUSED,,2,,,,,,,,,
P13,,IOB,IO/VREF_2,UNUSED,,2,,,,,,,,,
P14,,DIFFM,IO_L20P_2/VS0/A17,UNUSED,,2,,,,,,,,,
P15,,DIFFS,IO_L02N_1/A13,UNUSED,,1,,,,,,,,,
P16,,DIFFM,IO_L02P_1/A14,UNUSED,,1,,,,,,,,,
R1,X0<12>,IBUF,IO_L19N_3,INPUT,LVCMOS25*,3,,,,NONE,,UNLOCATED,NO,NONE,
R2,X0<13>,IBUF,IO_L19P_3,INPUT,LVCMOS25*,3,,,,NONE,,UNLOCATED,NO,NONE,
R3,Y0<1>,IBUF,IP_L02N_2,INPUT,LVCMOS25*,2,,,,NONE,,UNLOCATED,NO,NONE,
R4,Y0<7>,IBUF,IO/VREF_2,INPUT,LVCMOS25*,2,,,,NONE,,UNLOCATED,NO,NONE,
R5,,,VCCO_2,,,2,,,,,2.50,,,,
R6,Y0<14>,IBUF,IO_L06P_2,INPUT,LVCMOS25*,2,,,,NONE,,UNLOCATED,NO,NONE,
R7,Z0<2>,IBUF,IP_L08P_2,INPUT,LVCMOS25*,2,,,,NONE,,UNLOCATED,NO,NONE,
R8,,,GND,,,,,,,,,,,,
R9,Z0<9>,IBUF,IP_L11N_2/M2/GCLK1,INPUT,LVCMOS25*,2,,,,NONE,,UNLOCATED,NO,NONE,
R10,Z0<15>,IBUF,IO_L14N_2/VREF_2,INPUT,LVCMOS25*,2,,,,NONE,,UNLOCATED,NO,NONE,
R11,,DIFFM,IO_L16P_2/A23,UNUSED,,2,,,,,,,,,
R12,,,VCCO_2,,,2,,,,,2.50,,,,
R13,,DIFFS,IO_L19N_2/VS1/A18,UNUSED,,2,,,,,,,,,
R14,,DIFFS,IO_L20N_2/CCLK,UNUSED,,2,,,,,,,,,
R15,,DIFFS,IO_L01N_1/A15,UNUSED,,1,,,,,,,,,
R16,,DIFFM,IO_L01P_1/A16,UNUSED,,1,,,,,,,,,
T1,,,GND,,,,,,,,,,,,
T2,Y0<0>,IBUF,IP,INPUT,LVCMOS25*,2,,,,NONE,,UNLOCATED,NO,NONE,
T3,Y0<3>,IBUF,IP_L02P_2,INPUT,LVCMOS25*,2,,,,NONE,,UNLOCATED,NO,NONE,
T4,Y0<8>,IBUF,IO_L04P_2,INPUT,LVCMOS25*,2,,,,NONE,,UNLOCATED,NO,NONE,
T5,Y0<9>,IBUF,IO_L04N_2,INPUT,LVCMOS25*,2,,,,NONE,,UNLOCATED,NO,NONE,
T6,,,VCCAUX,,,,,,,,2.5,,,,
T7,Z0<1>,IBUF,IP_L08N_2/VREF_2,INPUT,LVCMOS25*,2,,,,NONE,,UNLOCATED,NO,NONE,
T8,Z0<5>,IBUF,IO/D5,INPUT,LVCMOS25*,2,,,,NONE,,UNLOCATED,NO,NONE,
T9,Z0<7>,IBUF,IP_L11P_2/RDWR_B/GCLK0,INPUT,LVCMOS25*,2,,,,NONE,,UNLOCATED,NO,NONE,
T10,Z0<11>,IBUF,IO/M1,INPUT,LVCMOS25*,2,,,,NONE,,UNLOCATED,NO,NONE,
T11,,,VCCAUX,,,,,,,,2.5,,,,
T12,,IOB,IO,UNUSED,,2,,,,,,,,,
T13,,DIFFM,IO_L19P_2/VS2/A19,UNUSED,,2,,,,,,,,,
T14,,IBUF,IP,UNUSED,,2,,,,,,,,,
T15,,,DONE,,,,,,,,,,,,
T16,,,GND,,,,,,,,,,,,

# -----,-----,-----,-----,-----,-----,-----,-----,-----,-----,-----,-----,-----,-----,-----,
# 
#* Default value.
#** This default Pullup/Pulldown value can be overridden in Bitgen. 
#****** Special VCCO requirements may apply. Please consult the device 
#       family datasheet for specific guideline on VCCO requirements. 
#
#
#